{"mean": [-0.03378907933307346, 0.03173381919215899, -0.07153308487968753, -0.010708087294595317, 0.4690586380548193, 0.4558503929990693, 0.4804717887481674, -0.011034838558873161, 0.631418917456409, -0.4924471093559405, 0.4998447367429035], "scale": [1.023028517126554, 1.0305529360136543, 1.0571990834342444, 1.0277663203703054, 1.4890316933704897, 1.99916158168867, 1.5830166764227016, 1.6177386751380518, 2.8047396899099586, 1.518173153088841, 1.6205472275110664]}